hour,volume,baseline_mean,baseline_std,is_spike
2026-08-20 07:00:00+00:00,1,,0.0,False
2026-08-20 10:00:00+00:00,1,1.0,0.0,False
2026-08-20 11:00:00+00:00,1,1.0,0.0,False
2026-08-20 12:00:00+00:00,1,1.0,0.0,False
2026-08-20 15:00:00+00:00,2,1.0,0.0,False
2026-08-21 16:00:00+00:00,1,1.3333333333333333,0.5773502691896258,False
2026-08-22 03:00:00+00:00,1,1.3333333333333333,0.5773502691896258,False
2026-08-22 11:00:00+00:00,1,1.3333333333333333,0.5773502691896258,False
2026-08-22 13:00:00+00:00,2,1.0,0.0,False
2026-08-22 18:00:00+00:00,1,1.3333333333333333,0.5773502691896258,False
2026-08-23 03:00:00+00:00,2,1.3333333333333333,0.5773502691896258,False
2026-08-23 07:00:00+00:00,1,1.6666666666666667,0.5773502691896258,False
2026-08-23 13:00:00+00:00,1,1.3333333333333333,0.5773502691896258,False
2026-08-23 14:00:00+00:00,1,1.3333333333333333,0.5773502691896258,False
2026-08-23 17:00:00+00:00,1,1.0,0.0,False
2026-08-23 22:00:00+00:00,1,1.0,0.0,False
2026-08-24 05:00:00+00:00,1,1.0,0.0,False
2026-08-24 13:00:00+00:00,3,1.0,0.0,False
2026-08-24 14:00:00+00:00,1,1.6666666666666667,1.1547005383792517,False
2026-08-24 15:00:00+00:00,1,1.6666666666666667,1.1547005383792517,False
2026-08-24 16:00:00+00:00,1,1.6666666666666667,1.1547005383792517,False
2026-08-24 20:00:00+00:00,1,1.0,0.0,False
2026-08-25 00:00:00+00:00,1,1.0,0.0,False
2026-08-25 02:00:00+00:00,1,1.0,0.0,False
2026-08-25 03:00:00+00:00,1,1.0,0.0,False
2026-08-25 04:00:00+00:00,2,1.0,0.0,False
2026-08-25 06:00:00+00:00,2,1.3333333333333333,0.5773502691896258,False
2026-08-25 09:00:00+00:00,1,1.6666666666666667,0.5773502691896258,False
2026-08-25 11:00:00+00:00,1,1.6666666666666667,0.5773502691896258,False
2026-08-25 12:00:00+00:00,2,1.3333333333333333,0.5773502691896258,False
2026-08-25 13:00:00+00:00,1,1.3333333333333333,0.5773502691896258,False
2026-08-25 14:00:00+00:00,1,1.3333333333333333,0.5773502691896258,False
2026-08-25 15:00:00+00:00,2,1.3333333333333333,0.5773502691896258,False
2026-08-25 17:00:00+00:00,1,1.3333333333333333,0.5773502691896258,False
2026-08-25 19:00:00+00:00,2,1.3333333333333333,0.5773502691896258,False
2026-08-26 00:00:00+00:00,1,1.6666666666666667,0.5773502691896258,False
2026-08-26 01:00:00+00:00,1,1.3333333333333333,0.5773502691896258,False
2026-08-26 02:00:00+00:00,2,1.3333333333333333,0.5773502691896258,False
2026-08-26 05:00:00+00:00,1,1.3333333333333333,0.5773502691896258,False
2026-08-26 06:00:00+00:00,1,1.3333333333333333,0.5773502691896258,False
2026-08-26 07:00:00+00:00,1,1.3333333333333333,0.5773502691896258,False
2026-08-26 08:00:00+00:00,2,1.0,0.0,False
2026-08-26 09:00:00+00:00,1,1.3333333333333333,0.5773502691896258,False
2026-08-26 12:00:00+00:00,2,1.3333333333333333,0.5773502691896258,False
2026-08-26 14:00:00+00:00,1,1.6666666666666667,0.5773502691896258,False
2026-08-26 15:00:00+00:00,2,1.3333333333333333,0.5773502691896258,False
2026-08-26 16:00:00+00:00,2,1.6666666666666667,0.5773502691896258,False
2026-08-26 17:00:00+00:00,1,1.6666666666666667,0.5773502691896258,False
2026-08-26 19:00:00+00:00,2,1.6666666666666667,0.5773502691896258,False
2026-08-26 21:00:00+00:00,1,1.6666666666666667,0.5773502691896258,False
2026-08-27 00:00:00+00:00,1,1.3333333333333333,0.5773502691896258,False
2026-08-27 05:00:00+00:00,2,1.3333333333333333,0.5773502691896258,False
2026-08-27 06:00:00+00:00,2,1.3333333333333333,0.5773502691896258,False
2026-08-27 08:00:00+00:00,4,1.6666666666666667,0.5773502691896258,False
2026-08-27 09:00:00+00:00,1,2.6666666666666665,1.1547005383792517,False
2026-08-27 11:00:00+00:00,1,2.3333333333333335,1.5275252316519468,False
2026-08-27 12:00:00+00:00,1,2.0,1.7320508075688774,False
2026-08-27 13:00:00+00:00,1,1.0,0.0,False
2026-08-27 14:00:00+00:00,1,1.0,0.0,False
2026-08-27 15:00:00+00:00,1,1.0,0.0,False
2026-08-27 16:00:00+00:00,2,1.0,0.0,False
2026-08-27 17:00:00+00:00,1,1.3333333333333333,0.5773502691896262,False
2026-08-27 18:00:00+00:00,3,1.3333333333333333,0.5773502691896262,False
2026-08-27 20:00:00+00:00,1,2.0,1.0000000000000002,False
2026-08-28 02:00:00+00:00,1,1.6666666666666667,1.1547005383792517,False
2026-08-28 05:00:00+00:00,1,1.6666666666666667,1.1547005383792517,False
2026-08-28 06:00:00+00:00,4,1.0,0.0,False
2026-08-28 11:00:00+00:00,1,2.0,1.7320508075688776,False
2026-08-28 13:00:00+00:00,2,2.0,1.7320508075688776,False
2026-08-28 14:00:00+00:00,2,2.3333333333333335,1.527525231651947,False
2026-08-28 15:00:00+00:00,4,1.6666666666666667,0.5773502691896268,False
2026-08-28 20:00:00+00:00,1,2.6666666666666665,1.1547005383792521,False
2026-08-28 23:00:00+00:00,2,2.3333333333333335,1.5275252316519472,False
2026-08-29 01:00:00+00:00,2,2.3333333333333335,1.5275252316519472,False
2026-08-29 02:00:00+00:00,1,1.6666666666666667,0.5773502691896273,False
2026-08-29 03:00:00+00:00,1,1.6666666666666667,0.5773502691896273,False
2026-08-29 04:00:00+00:00,2,1.3333333333333333,0.5773502691896273,False
2026-08-29 05:00:00+00:00,3,1.3333333333333333,0.5773502691896273,False
2026-08-29 06:00:00+00:00,1,2.0,1.0000000000000009,False
2026-08-29 07:00:00+00:00,1,2.0,1.0000000000000009,False
2026-08-29 08:00:00+00:00,1,1.6666666666666667,1.1547005383792524,False
2026-08-29 09:00:00+00:00,2,1.0,0.0,False
2026-08-29 11:00:00+00:00,1,1.3333333333333333,0.5773502691896275,False
2026-08-29 14:00:00+00:00,1,1.3333333333333333,0.5773502691896275,False
2026-08-29 16:00:00+00:00,1,1.3333333333333333,0.5773502691896275,False
2026-08-29 18:00:00+00:00,1,1.0,0.0,False
2026-08-30 04:00:00+00:00,2,1.0,0.0,False
2026-08-30 05:00:00+00:00,4,1.3333333333333333,0.5773502691896276,False
2026-08-30 07:00:00+00:00,1,2.3333333333333335,1.5275252316519472,False
2026-08-30 08:00:00+00:00,2,2.3333333333333335,1.5275252316519472,False
2026-08-30 09:00:00+00:00,3,2.3333333333333335,1.5275252316519472,False
2026-08-30 10:00:00+00:00,3,2.0,1.000000000000001,False
2026-08-30 11:00:00+00:00,2,2.6666666666666665,0.5773502691896277,False
2026-08-30 14:00:00+00:00,1,2.6666666666666665,0.5773502691896277,False
2026-08-30 15:00:00+00:00,1,2.0,1.000000000000001,False
2026-08-30 16:00:00+00:00,1,1.3333333333333333,0.5773502691896276,False
2026-08-30 17:00:00+00:00,1,1.0,0.0,False
2026-08-30 18:00:00+00:00,1,1.0,0.0,False
2026-08-30 19:00:00+00:00,1,1.0,0.0,False
2026-08-31 06:00:00+00:00,2,1.0,0.0,False
2026-08-31 11:00:00+00:00,2,1.3333333333333333,0.5773502691896277,False
2026-08-31 12:00:00+00:00,2,1.6666666666666667,0.5773502691896277,False
2026-08-31 14:00:00+00:00,2,2.0,0.0,False
2026-08-31 15:00:00+00:00,4,2.0,0.0,False
2026-08-31 16:00:00+00:00,3,2.6666666666666665,1.1547005383792526,False
2026-08-31 17:00:00+00:00,1,3.0,1.000000000000001,False
2026-08-31 18:00:00+00:00,1,2.6666666666666665,1.5275252316519474,False
2026-09-01 00:00:00+00:00,1,1.6666666666666667,1.1547005383792524,False
2026-09-01 03:00:00+00:00,2,1.0,0.0,False
2026-09-01 04:00:00+00:00,1,1.3333333333333333,0.5773502691896276,False
2026-09-01 05:00:00+00:00,1,1.3333333333333333,0.5773502691896276,False
2026-09-01 07:00:00+00:00,1,1.3333333333333333,0.5773502691896276,False
2026-09-01 10:00:00+00:00,1,1.0,0.0,False
2026-09-01 11:00:00+00:00,1,1.0,0.0,False
2026-09-01 12:00:00+00:00,2,1.0,0.0,False
2026-09-01 13:00:00+00:00,1,1.3333333333333333,0.5773502691896276,False
2026-09-01 15:00:00+00:00,1,1.3333333333333333,0.5773502691896276,False
2026-09-01 17:00:00+00:00,1,1.3333333333333333,0.5773502691896276,False
2026-09-01 18:00:00+00:00,1,1.0,0.0,False
2026-09-01 21:00:00+00:00,1,1.0,0.0,False
2026-09-02 00:00:00+00:00,1,1.0,0.0,False
2026-09-02 01:00:00+00:00,1,1.0,0.0,False
2026-09-02 03:00:00+00:00,1,1.0,0.0,False
2026-09-02 04:00:00+00:00,1,1.0,0.0,False
2026-09-02 05:00:00+00:00,2,1.0,0.0,False
2026-09-02 06:00:00+00:00,2,1.3333333333333333,0.5773502691896276,False
2026-09-02 10:00:00+00:00,3,1.6666666666666667,0.5773502691896276,False
2026-09-02 14:00:00+00:00,2,2.3333333333333335,0.5773502691896276,False
2026-09-02 15:00:00+00:00,1,2.3333333333333335,0.5773502691896276,False
2026-09-02 16:00:00+00:00,1,2.0,1.0000000000000009,False
2026-09-02 17:00:00+00:00,1,1.3333333333333333,0.5773502691896275,False
2026-09-02 18:00:00+00:00,2,1.0,0.0,False
2026-09-02 21:00:00+00:00,1,1.3333333333333333,0.5773502691896275,False
2026-09-03 07:00:00+00:00,1,1.3333333333333333,0.5773502691896275,False
2026-09-03 08:00:00+00:00,1,1.3333333333333333,0.5773502691896275,False
2026-09-03 09:00:00+00:00,2,1.0,0.0,False
2026-09-03 13:00:00+00:00,2,1.3333333333333333,0.5773502691896276,False
2026-09-03 16:00:00+00:00,2,1.6666666666666667,0.5773502691896276,False
2026-09-04 06:00:00+00:00,2,2.0,0.0,False
2026-09-04 08:00:00+00:00,2,2.0,0.0,False
2026-09-04 09:00:00+00:00,2,2.0,0.0,False
2026-09-04 11:00:00+00:00,1,2.0,0.0,False
2026-09-04 12:00:00+00:00,1,1.6666666666666667,0.5773502691896276,False
2026-09-04 13:00:00+00:00,2,1.3333333333333333,0.5773502691896276,False
2026-09-04 14:00:00+00:00,1,1.3333333333333333,0.5773502691896276,False
2026-09-04 15:00:00+00:00,1,1.3333333333333333,0.5773502691896276,False
2026-09-04 17:00:00+00:00,1,1.3333333333333333,0.5773502691896276,False
2026-09-04 19:00:00+00:00,1,1.0,0.0,False
2026-09-04 20:00:00+00:00,1,1.0,0.0,False
2026-09-04 21:00:00+00:00,1,1.0,0.0,False
2026-09-04 22:00:00+00:00,1,1.0,0.0,False
2026-09-05 02:00:00+00:00,3,1.0,0.0,False
2026-09-05 05:00:00+00:00,2,1.6666666666666667,1.1547005383792524,False
2026-09-05 07:00:00+00:00,2,2.0,1.000000000000001,False
2026-09-05 08:00:00+00:00,4,2.3333333333333335,0.5773502691896278,False
2026-09-05 09:00:00+00:00,9,2.6666666666666665,1.1547005383792526,True
2026-09-05 10:00:00+00:00,23,5.0,3.6055512754639896,True
2026-09-05 11:00:00+00:00,19,12.0,9.848857801796104,False
2026-09-05 12:00:00+00:00,9,17.0,7.211102550927978,False
2026-09-05 13:00:00+00:00,12,17.0,7.211102550927978,False
2026-09-05 14:00:00+00:00,8,13.333333333333334,5.131601439446884,False
2026-09-05 15:00:00+00:00,4,9.666666666666666,2.0816659994661335,False
2026-09-05 16:00:00+00:00,3,8.0,4.0,False
2026-09-05 17:00:00+00:00,4,5.0,2.645751311064591,False
2026-09-05 18:00:00+00:00,3,3.6666666666666665,0.5773502691896288,False
2026-09-05 19:00:00+00:00,5,3.3333333333333335,0.5773502691896288,True
2026-09-05 20:00:00+00:00,2,4.0,1.0000000000000018,False
2026-09-05 21:00:00+00:00,3,3.3333333333333335,1.5275252316519479,False
2026-09-05 22:00:00+00:00,2,3.3333333333333335,1.5275252316519479,False
2026-09-06 00:00:00+00:00,2,2.3333333333333335,0.5773502691896293,False
2026-09-06 01:00:00+00:00,2,2.3333333333333335,0.5773502691896293,False
2026-09-06 02:00:00+00:00,3,2.0,0.0,False
2026-09-06 03:00:00+00:00,4,2.3333333333333335,0.5773502691896293,False
2026-09-06 04:00:00+00:00,4,3.0,1.000000000000002,False
2026-09-06 05:00:00+00:00,1,3.6666666666666665,0.5773502691896293,False
2026-09-06 06:00:00+00:00,4,3.0,1.7320508075688785,False
2026-09-06 07:00:00+00:00,2,3.0,1.7320508075688785,False
2026-09-06 08:00:00+00:00,2,2.3333333333333335,1.527525231651948,False
2026-09-06 09:00:00+00:00,2,2.6666666666666665,1.1547005383792532,False
2026-09-06 10:00:00+00:00,2,2.0,0.0,False
2026-09-06 11:00:00+00:00,1,2.0,0.0,False
2026-09-06 12:00:00+00:00,4,1.6666666666666667,0.5773502691896287,False
2026-09-06 13:00:00+00:00,6,2.3333333333333335,1.5275252316519479,True
2026-09-06 14:00:00+00:00,3,3.6666666666666665,2.5166114784235845,False
2026-09-06 15:00:00+00:00,4,4.333333333333333,1.527525231651949,False
2026-09-06 16:00:00+00:00,4,4.333333333333333,1.527525231651949,False
2026-09-06 17:00:00+00:00,2,3.6666666666666665,0.5773502691896313,False
2026-09-06 18:00:00+00:00,1,3.3333333333333335,1.1547005383792543,False
2026-09-06 20:00:00+00:00,1,2.3333333333333335,1.527525231651949,False
2026-09-07 02:00:00+00:00,1,1.3333333333333333,0.577350269189632,False
2026-09-07 03:00:00+00:00,4,1.0,0.0,False
2026-09-07 04:00:00+00:00,1,2.0,1.7320508075688792,False
2026-09-07 05:00:00+00:00,4,2.0,1.7320508075688792,False
2026-09-07 06:00:00+00:00,1,3.0,1.7320508075688785,False
2026-09-07 07:00:00+00:00,2,2.0,1.7320508075688792,False
2026-09-07 08:00:00+00:00,1,2.3333333333333335,1.5275252316519485,False
2026-09-07 10:00:00+00:00,1,1.3333333333333333,0.5773502691896322,False
2026-09-07 12:00:00+00:00,4,1.3333333333333333,0.5773502691896322,False
2026-09-07 14:00:00+00:00,3,2.0,1.7320508075688792,False
2026-09-07 15:00:00+00:00,1,2.6666666666666665,1.5275252316519485,False
2026-09-07 16:00:00+00:00,1,2.6666666666666665,1.5275252316519485,False
2026-09-07 20:00:00+00:00,1,1.6666666666666667,1.1547005383792548,False
2026-09-07 22:00:00+00:00,1,1.0,0.0,False
2026-09-08 00:00:00+00:00,1,1.0,0.0,False
2026-09-08 01:00:00+00:00,1,1.0,0.0,False
2026-09-08 04:00:00+00:00,2,1.0,0.0,False
2026-09-08 06:00:00+00:00,1,1.3333333333333333,0.5773502691896327,False
2026-09-08 08:00:00+00:00,1,1.3333333333333333,0.5773502691896327,False
2026-09-08 10:00:00+00:00,1,1.3333333333333333,0.5773502691896327,False
2026-09-08 11:00:00+00:00,2,1.0,0.0,False
2026-09-08 12:00:00+00:00,3,1.3333333333333333,0.5773502691896327,False
2026-09-08 13:00:00+00:00,1,2.0,1.0000000000000036,False
2026-09-08 14:00:00+00:00,1,2.0,1.0000000000000036,False
2026-09-08 15:00:00+00:00,2,1.6666666666666667,1.1547005383792548,False
2026-09-08 16:00:00+00:00,2,1.3333333333333333,0.577350269189633,False
2026-09-08 17:00:00+00:00,4,1.6666666666666667,0.5773502691896324,False
2026-09-08 18:00:00+00:00,1,2.6666666666666665,1.154700538379254,False
2026-09-08 19:00:00+00:00,3,2.3333333333333335,1.5275252316519488,False
2026-09-08 20:00:00+00:00,1,2.6666666666666665,1.5275252316519485,False
2026-09-09 01:00:00+00:00,2,1.6666666666666667,1.154700538379255,False
2026-09-09 02:00:00+00:00,2,2.0,1.0000000000000036,False
2026-09-09 03:00:00+00:00,2,1.6666666666666667,0.5773502691896325,False
2026-09-09 05:00:00+00:00,1,2.0,0.0,False
2026-09-09 06:00:00+00:00,1,1.6666666666666667,0.5773502691896325,False
2026-09-09 07:00:00+00:00,2,1.3333333333333333,0.5773502691896331,False
2026-09-09 08:00:00+00:00,5,1.3333333333333333,0.5773502691896331,True
2026-09-09 09:00:00+00:00,1,2.6666666666666665,2.0816659994661344,False
2026-09-09 11:00:00+00:00,1,2.6666666666666665,2.0816659994661344,False
2026-09-09 13:00:00+00:00,2,2.3333333333333335,2.3094010767585047,False
2026-09-09 14:00:00+00:00,1,1.3333333333333333,0.5773502691896318,False
2026-09-09 16:00:00+00:00,1,1.3333333333333333,0.5773502691896318,False
2026-09-09 17:00:00+00:00,1,1.3333333333333333,0.5773502691896318,False
2026-09-09 19:00:00+00:00,1,1.0,0.0,False
2026-09-09 20:00:00+00:00,1,1.0,0.0,False
2026-09-09 21:00:00+00:00,1,1.0,0.0,False
2026-09-10 01:00:00+00:00,1,1.0,0.0,False
2026-09-10 05:00:00+00:00,2,1.0,0.0,False
2026-09-10 09:00:00+00:00,2,1.3333333333333333,0.5773502691896316,False
2026-09-10 10:00:00+00:00,4,1.6666666666666667,0.5773502691896314,False
2026-09-10 11:00:00+00:00,1,2.6666666666666665,1.154700538379254,False
2026-09-10 12:00:00+00:00,2,2.3333333333333335,1.5275252316519485,False
2026-09-10 13:00:00+00:00,2,2.3333333333333335,1.5275252316519485,False
2026-09-10 15:00:00+00:00,1,1.6666666666666667,0.5773502691896311,False
2026-09-10 16:00:00+00:00,1,1.6666666666666667,0.5773502691896311,False
2026-09-10 17:00:00+00:00,2,1.3333333333333333,0.5773502691896311,False
2026-09-10 19:00:00+00:00,1,1.3333333333333333,0.5773502691896311,False
2026-09-10 20:00:00+00:00,1,1.3333333333333333,0.5773502691896311,False
2026-09-10 21:00:00+00:00,1,1.3333333333333333,0.5773502691896311,False
2026-09-11 01:00:00+00:00,2,1.0,0.0,False
2026-09-11 02:00:00+00:00,1,1.3333333333333333,0.5773502691896312,False
2026-09-11 04:00:00+00:00,2,1.3333333333333333,0.5773502691896312,False
2026-09-11 06:00:00+00:00,1,1.6666666666666667,0.5773502691896312,False
2026-09-11 08:00:00+00:00,1,1.3333333333333333,0.5773502691896312,False
2026-09-11 10:00:00+00:00,1,1.3333333333333333,0.5773502691896312,False
2026-09-11 11:00:00+00:00,4,1.0,0.0,False
2026-09-11 13:00:00+00:00,2,2.0,1.7320508075688792,False
2026-09-11 14:00:00+00:00,2,2.3333333333333335,1.5275252316519488,False
2026-09-11 16:00:00+00:00,2,2.6666666666666665,1.1547005383792543,False
2026-09-11 17:00:00+00:00,3,2.0,0.0,False
2026-09-12 02:00:00+00:00,1,2.3333333333333335,0.5773502691896316,False
2026-09-12 03:00:00+00:00,3,2.0,1.0000000000000033,False
2026-09-12 04:00:00+00:00,1,2.3333333333333335,1.1547005383792546,False
2026-09-12 06:00:00+00:00,2,1.6666666666666667,1.1547005383792543,False
2026-09-12 08:00:00+00:00,1,2.0,1.0000000000000033,False
2026-09-12 09:00:00+00:00,2,1.3333333333333333,0.5773502691896311,False
2026-09-12 10:00:00+00:00,3,1.6666666666666667,0.5773502691896313,False
2026-09-12 15:00:00+00:00,1,2.0,1.0000000000000033,False
2026-09-12 16:00:00+00:00,1,2.0,1.0000000000000033,False
2026-09-12 17:00:00+00:00,1,1.6666666666666667,1.1547005383792541,False
2026-09-12 19:00:00+00:00,1,1.0,0.0,False
2026-09-12 20:00:00+00:00,1,1.0,0.0,False
2026-09-13 02:00:00+00:00,1,1.0,0.0,False
2026-09-13 03:00:00+00:00,5,1.0,0.0,True
2026-09-13 04:00:00+00:00,2,2.3333333333333335,2.3094010767585043,False
2026-09-13 05:00:00+00:00,15,2.6666666666666665,2.081665999466134,True
2026-09-13 06:00:00+00:00,16,7.333333333333333,6.8068592855540455,True
2026-09-13 07:00:00+00:00,18,11.0,7.810249675906654,False
2026-09-13 08:00:00+00:00,15,16.333333333333332,1.5275252316519472,False
2026-09-13 09:00:00+00:00,12,16.333333333333332,1.5275252316519472,False
2026-09-13 10:00:00+00:00,21,15.0,3.0000000000000004,False
2026-09-13 11:00:00+00:00,23,16.0,4.58257569495584,False
2026-09-13 12:00:00+00:00,28,18.666666666666668,5.859465277082315,False
2026-09-13 13:00:00+00:00,15,24.0,3.6055512754639873,False
2026-09-13 14:00:00+00:00,18,22.0,6.5574385243019995,False
2026-09-13 15:00:00+00:00,17,20.333333333333332,6.806859285554045,False
2026-09-13 16:00:00+00:00,7,16.666666666666668,1.5275252316519372,False
2026-09-13 17:00:00+00:00,20,14.0,6.082762530298218,False
2026-09-13 18:00:00+00:00,7,14.666666666666666,6.806859285554044,False
2026-09-13 19:00:00+00:00,6,11.333333333333334,7.505553499465133,False
2026-09-13 20:00:00+00:00,1,11.0,7.810249675906652,False
2026-09-13 21:00:00+00:00,3,4.666666666666667,3.214550253664314,False
2026-09-13 22:00:00+00:00,2,3.3333333333333335,2.516611478423578,False
2026-09-13 23:00:00+00:00,3,2.0,0.9999999999999867,False
2026-09-14 00:00:00+00:00,3,2.6666666666666665,0.5773502691896027,False
2026-09-14 01:00:00+00:00,7,2.6666666666666665,0.5773502691896027,True
2026-09-14 02:00:00+00:00,6,4.333333333333333,2.3094010767584976,False
2026-09-14 03:00:00+00:00,8,5.333333333333333,2.0816659994661264,False
2026-09-14 04:00:00+00:00,1,7.0,0.9999999999999871,False
2026-09-14 05:00:00+00:00,1,5.0,3.605551275463986,False
2026-09-14 06:00:00+00:00,8,3.3333333333333335,4.041451884327377,True
2026-09-14 07:00:00+00:00,34,3.3333333333333335,4.041451884327377,True
2026-09-14 08:00:00+00:00,33,14.333333333333334,17.3877351409933,True
2026-09-14 09:00:00+00:00,35,25.0,14.730919862656235,False
2026-09-14 10:00:00+00:00,50,34.0,0.9999999999999858,True
2026-09-14 11:00:00+00:00,39,39.333333333333336,9.291573243177567,False
2026-09-14 12:00:00+00:00,29,41.333333333333336,7.767453465154025,False
2026-09-14 13:00:00+00:00,17,39.333333333333336,10.503967504392484,False
2026-09-14 14:00:00+00:00,36,28.333333333333332,11.015141094572202,False
2026-09-14 15:00:00+00:00,12,27.333333333333332,9.609023536933048,False
2026-09-14 16:00:00+00:00,20,21.666666666666668,12.662279942148386,False
2026-09-14 17:00:00+00:00,20,22.666666666666668,12.220201853215572,False
2026-09-14 18:00:00+00:00,10,17.333333333333332,4.618802153517007,False
2026-09-14 19:00:00+00:00,5,16.666666666666668,5.773502691896259,False
2026-09-14 20:00:00+00:00,4,11.666666666666666,7.637626158259735,False
2026-09-14 21:00:00+00:00,3,6.333333333333333,3.214550253664326,False
2026-09-14 22:00:00+00:00,6,4.0,1.0000000000000282,False
2026-09-14 23:00:00+00:00,8,4.333333333333333,1.5275252316519652,True
2026-09-15 00:00:00+00:00,8,5.666666666666667,2.5166114784235942,False
2026-09-15 01:00:00+00:00,7,7.333333333333333,1.1547005383792754,False
2026-09-15 02:00:00+00:00,8,7.666666666666667,0.5773502691896739,False
2026-09-15 03:00:00+00:00,9,7.666666666666667,0.5773502691896739,True
2026-09-15 04:00:00+00:00,13,8.0,1.0000000000000278,True
2026-09-15 05:00:00+00:00,13,10.0,2.6457513110646014,False
2026-09-15 06:00:00+00:00,5,11.666666666666666,2.3094010767585154,False
2026-09-15 07:00:00+00:00,14,10.333333333333334,4.618802153517013,False
2026-09-15 08:00:00+00:00,11,10.666666666666666,4.932882862316253,False
2026-09-15 09:00:00+00:00,3,10.0,4.582575694955847,False
2026-09-15 10:00:00+00:00,8,9.333333333333334,5.686240703077333,False
2026-09-15 11:00:00+00:00,6,7.333333333333333,4.0414518843273886,False
2026-09-15 12:00:00+00:00,9,5.666666666666667,2.516611478423598,False
2026-09-15 13:00:00+00:00,5,7.666666666666667,1.52752523165197,False
2026-09-15 14:00:00+00:00,12,6.666666666666667,2.08166599946615,True
2026-09-15 15:00:00+00:00,3,8.666666666666666,3.511884584284257,False
2026-09-15 16:00:00+00:00,7,6.666666666666667,4.725815626252616,False
2026-09-15 17:00:00+00:00,5,7.333333333333333,4.509249752822902,False
2026-09-15 18:00:00+00:00,6,5.0,2.000000000000017,False
2026-09-15 19:00:00+00:00,2,6.0,1.0000000000000338,False
2026-09-15 20:00:00+00:00,3,4.333333333333333,2.081665999466149,False
2026-09-16 01:00:00+00:00,5,3.6666666666666665,2.0816659994661486,False
2026-09-16 02:00:00+00:00,4,3.3333333333333335,1.527525231651968,False
2026-09-16 03:00:00+00:00,5,4.0,1.0000000000000326,False
2026-09-16 04:00:00+00:00,9,4.666666666666667,0.5773502691896822,True
2026-09-16 05:00:00+00:00,3,6.0,2.645751311064603,False
2026-09-16 06:00:00+00:00,10,5.666666666666667,3.055050463303904,True
2026-09-16 07:00:00+00:00,1,7.333333333333333,3.7859388972001913,False
2026-09-16 08:00:00+00:00,5,4.666666666666667,4.725815626252615,False
2026-09-16 09:00:00+00:00,8,5.333333333333333,4.509249752822901,False
2026-09-16 10:00:00+00:00,7,4.666666666666667,3.5118845842842554,False
2026-09-16 11:00:00+00:00,1,6.666666666666667,1.5275252316519683,False
2026-09-16 12:00:00+00:00,3,5.333333333333333,3.7859388972001904,False
2026-09-16 13:00:00+00:00,1,3.6666666666666665,3.0550504633039024,False
2026-09-16 14:00:00+00:00,7,1.6666666666666667,1.1547005383792726,True
2026-09-16 15:00:00+00:00,7,3.6666666666666665,3.0550504633039024,True
2026-09-16 16:00:00+00:00,6,5.0,3.4641016151377633,False
2026-09-16 17:00:00+00:00,3,6.666666666666667,0.5773502691896815,False
2026-09-16 18:00:00+00:00,5,5.333333333333333,2.0816659994661473,False
2026-09-16 19:00:00+00:00,1,4.666666666666667,1.5275252316519656,False
2026-09-17 00:00:00+00:00,3,3.0,2.0000000000000124,False
2026-09-17 02:00:00+00:00,1,3.0,2.0000000000000124,False
2026-09-17 03:00:00+00:00,9,1.6666666666666667,1.1547005383792712,True
2026-09-17 04:00:00+00:00,4,4.333333333333333,4.163331998932272,False
2026-09-17 05:00:00+00:00,6,4.666666666666667,4.041451884327388,False
2026-09-17 06:00:00+00:00,2,6.333333333333333,2.5166114784235956,False
2026-09-17 07:00:00+00:00,5,4.0,2.0000000000000133,False
2026-09-17 09:00:00+00:00,2,4.333333333333333,2.081665999466146,False
2026-09-17 10:00:00+00:00,1,3.0,1.7320508075688918,False
2026-09-17 11:00:00+00:00,6,2.6666666666666665,2.0816659994661446,True
2026-09-17 13:00:00+00:00,3,3.0,2.6457513110646,False
2026-09-17 14:00:00+00:00,2,3.3333333333333335,2.516611478423593,False
2026-09-17 15:00:00+00:00,2,3.6666666666666665,2.0816659994661446,False
2026-09-17 16:00:00+00:00,3,2.3333333333333335,0.577350269189667,False
2026-09-17 17:00:00+00:00,4,2.3333333333333335,0.577350269189667,False
2026-09-17 18:00:00+00:00,1,3.0,1.0000000000000244,False
2026-09-17 20:00:00+00:00,2,2.6666666666666665,1.5275252316519625,False
2026-09-17 22:00:00+00:00,2,2.3333333333333335,1.5275252316519623,False
2026-09-18 01:00:00+00:00,3,1.6666666666666667,0.577350269189666,False
2026-09-18 02:00:00+00:00,4,2.3333333333333335,0.5773502691896675,False
2026-09-18 04:00:00+00:00,2,3.0,1.0000000000000246,False
2026-09-18 05:00:00+00:00,2,3.0,1.0000000000000246,False
2026-09-18 06:00:00+00:00,1,2.6666666666666665,1.1547005383792726,False
2026-09-18 07:00:00+00:00,5,1.6666666666666667,0.5773502691896664,True
2026-09-18 08:00:00+00:00,2,2.6666666666666665,2.0816659994661446,False
2026-09-18 09:00:00+00:00,2,2.6666666666666665,2.0816659994661446,False
2026-09-18 10:00:00+00:00,2,3.0,1.7320508075688916,False
2026-09-18 11:00:00+00:00,5,2.0,0.0,True
2026-09-18 12:00:00+00:00,8,3.0,1.7320508075688916,True
2026-09-18 13:00:00+00:00,1,5.0,3.000000000000009,False
2026-09-18 14:00:00+00:00,4,4.666666666666667,3.5118845842842537,False
2026-09-18 15:00:00+00:00,2,4.333333333333333,3.5118845842842537,False
2026-09-18 16:00:00+00:00,5,2.3333333333333335,1.527525231651961,True
2026-09-18 17:00:00+00:00,3,3.6666666666666665,1.5275252316519625,False
2026-09-18 19:00:00+00:00,2,3.3333333333333335,1.527525231651962,False
2026-09-18 20:00:00+00:00,1,3.3333333333333335,1.527525231651962,False
2026-09-18 21:00:00+00:00,1,2.0,1.000000000000021,False
2026-09-19 00:00:00+00:00,1,1.3333333333333333,0.5773502691896603,False
2026-09-19 01:00:00+00:00,4,1.0,0.0,False
2026-09-19 03:00:00+00:00,4,2.0,1.7320508075688894,False
2026-09-19 04:00:00+00:00,2,3.0,1.7320508075688903,False
2026-09-19 05:00:00+00:00,2,3.3333333333333335,1.1547005383792717,False
2026-09-19 06:00:00+00:00,1,2.6666666666666665,1.1547005383792706,False
2026-09-19 07:00:00+00:00,1,1.6666666666666667,0.5773502691896613,False
2026-09-19 09:00:00+00:00,6,1.3333333333333333,0.5773502691896603,True
2026-09-19 10:00:00+00:00,6,2.6666666666666665,2.8867513459481366,True
2026-09-19 11:00:00+00:00,3,4.333333333333333,2.8867513459481375,False
2026-09-19 12:00:00+00:00,6,5.0,1.7320508075688927,False
2026-09-19 13:00:00+00:00,8,5.0,1.732050807568893,False
2026-09-19 14:00:00+00:00,6,5.666666666666667,2.5166114784235947,False
2026-09-19 15:00:00+00:00,11,6.666666666666667,1.1547005383792783,True
2026-09-19 16:00:00+00:00,4,8.333333333333334,2.516611478423597,False
2026-09-19 17:00:00+00:00,8,7.0,3.605551275463998,False
2026-09-19 18:00:00+00:00,3,7.666666666666667,3.511884584284256,False
2026-09-19 19:00:00+00:00,2,5.0,2.6457513110646014,False
2026-09-19 20:00:00+00:00,1,4.333333333333333,3.214550253664327,False
2026-09-19 22:00:00+00:00,1,2.0,1.000000000000024,False
2026-09-20 00:00:00+00:00,3,1.3333333333333333,0.5773502691896653,False
2026-09-20 01:00:00+00:00,1,1.6666666666666667,1.1547005383792717,False
2026-09-20 02:00:00+00:00,3,1.6666666666666667,1.1547005383792717,False
2026-09-20 03:00:00+00:00,1,2.3333333333333335,1.1547005383792726,False
2026-09-20 04:00:00+00:00,4,1.6666666666666667,1.1547005383792714,False
2026-09-20 05:00:00+00:00,2,2.6666666666666665,1.5275252316519627,False
2026-09-20 06:00:00+00:00,6,2.3333333333333335,1.5275252316519625,True
2026-09-20 07:00:00+00:00,6,4.0,2.0000000000000133,False
2026-09-20 08:00:00+00:00,4,4.666666666666667,2.309401076758515,False
2026-09-20 09:00:00+00:00,4,5.333333333333333,1.1547005383792757,False
2026-09-20 10:00:00+00:00,6,4.666666666666667,1.1547005383792757,False
2026-09-20 11:00:00+00:00,3,4.666666666666667,1.1547005383792757,False
2026-09-20 12:00:00+00:00,1,4.333333333333333,1.527525231651965,False
2026-09-20 13:00:00+00:00,3,3.3333333333333335,2.5166114784235942,False
2026-09-20 14:00:00+00:00,3,2.3333333333333335,1.1547005383792754,False
2026-09-20 15:00:00+00:00,10,2.3333333333333335,1.1547005383792754,True
2026-09-20 16:00:00+00:00,15,5.333333333333333,4.041451884327388,True
2026-09-20 17:00:00+00:00,16,9.333333333333334,6.027713773341713,False
2026-09-20 18:00:00+00:00,14,13.666666666666666,3.2145502536643273,False
2026-09-20 19:00:00+00:00,8,15.0,1.0000000000000293,False
2026-09-20 20:00:00+00:00,1,12.666666666666666,4.163331998932272,False
2026-09-20 21:00:00+00:00,3,7.666666666666667,6.506407098647716,False
2026-09-20 22:00:00+00:00,4,4.0,3.6055512754639962,False
2026-09-20 23:00:00+00:00,4,2.6666666666666665,1.5275252316519632,False
2026-09-21 00:00:00+00:00,8,3.6666666666666665,0.5773502691896696,True
2026-09-21 01:00:00+00:00,26,5.333333333333333,2.309401076758514,True
2026-09-21 02:00:00+00:00,22,12.666666666666666,11.718930554164633,False
2026-09-21 03:00:00+00:00,14,18.666666666666668,9.451631252505218,False
2026-09-21 04:00:00+00:00,15,20.666666666666668,6.110100926607789,False
2026-09-21 05:00:00+00:00,15,17.0,4.358898943540677,False
2026-09-21 06:00:00+00:00,16,14.666666666666666,0.5773502691896505,True
2026-09-21 07:00:00+00:00,19,15.333333333333334,0.5773502691896505,True
2026-09-21 08:00:00+00:00,11,16.666666666666668,2.0816659994661393,False
2026-09-21 09:00:00+00:00,13,15.333333333333334,4.041451884327384,False
2026-09-21 10:00:00+00:00,7,14.333333333333334,4.163331998932269,False
2026-09-21 11:00:00+00:00,19,10.333333333333334,3.055050463303899,True
2026-09-21 12:00:00+00:00,14,13.0,6.000000000000003,False
2026-09-21 13:00:00+00:00,5,13.333333333333334,6.027713773341711,False
2026-09-21 14:00:00+00:00,8,12.666666666666666,7.094598884597589,False
2026-09-21 15:00:00+00:00,6,9.0,4.582575694955843,False
2026-09-21 16:00:00+00:00,3,6.333333333333333,1.5275252316519559,False
2026-09-21 17:00:00+00:00,7,5.666666666666667,2.516611478423589,False
2026-09-22 01:00:00+00:00,3,5.333333333333333,2.0816659994661397,False
2026-09-22 02:00:00+00:00,1,4.333333333333333,2.3094010767585096,False
2026-09-22 03:00:00+00:00,2,3.6666666666666665,3.0550504633038984,False
2026-09-22 04:00:00+00:00,1,2.0,1.000000000000016,False
2026-09-22 07:00:00+00:00,3,1.3333333333333333,0.5773502691896543,False
2026-09-22 08:00:00+00:00,4,2.0,1.000000000000016,False
2026-09-22 10:00:00+00:00,1,2.6666666666666665,1.5275252316519567,False
2026-09-22 11:00:00+00:00,1,2.6666666666666665,1.5275252316519567,False
2026-09-22 12:00:00+00:00,2,2.0,1.7320508075688865,False
